 ,,,,,,,,,,,,,,,,,,,
,Improve 24V 200Ah (Bluetooth-LCD).pdf,Marca:  Improve,Modelo ,IMP12-100-BL,Precio (USD),,,,,,,,,,,,,,
,,,Voltaje (V) / Amperaje (A),12.8V / 100Ah,,,,,,,,,,,,,,,
,,,Maxima corriente de  Descarga,100A,,,,,,,,,,,,,,,
,,,Garantía de fábrica,2 años,$336.85,,,,,,,,,,,,,,
,,,Tipos de Bateria / Tipo de celdas,Batería LiFePO4,,,,,,,,,,,,,,,
,Link de instagram,,Ciclos de Vida útil,3.000 a 4.000 ciclos completos descargando al 80% (DOD),,,,,,,,,,,,,,,
,,Capacidad:  1.28 kWh,Dimenciones (cm) ,32.8 x 17.2 x 21.5,,,,,,,,,,,,,,,
,,, peso (Kg),11.5,,,,,,,,,,,,,,,
,,,,,,,,,,,,,,,,,,,
Modelos de 2.5 KWh,,,,,,,,,,,,,,,,,,,
,Improve 24V 200Ah (Bluetooth-LCD).pdf,Marca:  Improve,Modelo ,IMP24-100-BL,Precio (USD),,,,,,,,,,,,,,
,,,Voltaje (V) / Amperaje (A),25.6V / 100Ah,,,,,,,,,,,,,,,
,,,Maxima corriente de  Descarga,100A,,,,,,,,,,,,,,,
,,,Garantía de fábrica,2 años,$623.69,,,,,,,,,,,,,,
,,,Tipos de Bateria / Tipo de celdas,Batería LiFePO4,,,,,,,,,,,,,,,
,Link de instagram,,Ciclos de Vida útil,3.000 a 4.000 ciclos completos descargando al 80% (DOD),,,,,,,,,,,,,,,
,,Capacidad:   2.56 kWh,Dimenciones (cm) ,48.3 x 17.0 x 24.0,,,,,,,,,,,,,,,
,,, peso (Kg),21,,,,,,,,,,,,,,,
,,,,,,,,,,,,,,,,,,,
,XINXIN ENERGY.pdf,Marca:  Rarlon,Modelo ,XX-C-BM-100HW 1P8S-A01,Precio (USD),,,,,,,,,,,,,,
,,,Voltaje (V) / Amperaje (A),25.6V  /  100Ah,,,,,,,,,,,,,,,
,,,Maxima corriente de  Descarga,100A,,,,,,,,,,,,,,,
,,,Garantía de fábrica,"5 años
",------,,,,,,,,,,,,,,
,,,Tipos de Bateria / Tipo de celdas,Batería LiFePO4,,,,,,,,,,,,,,,
,Link de instagram,,Ciclos de Vida útil,6.000 ciclos al 80% DoD (Profundidad de descarga) a 25°C.,,,,,,,,,,,,,,,
,,Capacidad:   2.5 KWh,Dimenciones (cm) , 33.0 x 14.6 x 47.5 ,,,,,,,,,,,,,,,
,,, peso (Kg),31,,,,,,,,,,,,,,,
,,,,,,,,,,,,,,,,,,,
,SunC ESS catalog 2026.pdf,Marca:  SUNC SOLAR,Modelo ,SCAE-A-25.6-100,Precio (USD),,,,,,,,,,,,,,
,,,Voltaje (V) / Amperaje (A),25.6V  /  100Ah,,,,,,,,,,,,,,,
,,,Maxima corriente de  Descarga,100A,,,,,,,,,,,,,,,
,,,Garantía de fábrica,"5 años
",$305.00,,,,,,,,,,,,,,
,,,Tipos de Bateria / Tipo de celdas,Batería LiFePO4,,,,,,,,,,,,,,,
,Link de instagram,,Ciclos de Vida útil,6.000 ciclos al 80% DoD (Profundidad de descarga) ,,,,,,,,,,,,,,,
,,Capacidad:   2.5 KWh,Dimenciones (cm) ,36 x 19.5 x 42,,,,,,,,,,,,,,,
,,, peso (Kg),34.5,,,,,,,,,,,,,,,
,,,,,,,,,,,,,,,,,,,
Modelos de 5 KWh,,,,,,,,,,,,,,,,,,,
,Improve 24V 200Ah (Bluetooth-LCD).pdf,Marca:  Improve,Modelo ,IMP24-200-BL,Precio (USD),,,,,,,,,,,,,,
,,,Voltaje (V) / Amperaje (A),25.6V / 200Ah,,,,,,,,,,,,,,,
,,,Maxima corriente de  Descarga,150A ~ 200A                                                                         (Consultar con el vendedor),,,,,,,,,,,,,,,
,,,Garantía de fábrica,"
2 años
","$1,177.80",,,,,,,,,,,,,,
,,,Tipos de Bateria / Tipo de celdas,Batería LiFePO4/ Celdas Prismáticas,,,,,,,,,,,,,,,
,Link de instagram,,Ciclos de Vida útil, mayor o igual 3000 a 4000 ciclos al 80% DoD (Profundidad de descarga) ,,,,,,,,,,,,,,,
,,Capacidad:   5.12 kWh,Dimenciones (cm) ,52.2 x 24.0 x 21.8,,,,,,,,,,,,,,,
,,, peso (Kg),36.5,,,,,,,,,,,,,,,
,,,,,,,,,,,,,,,,,,,
,,Marca:  Improve,Modelo ,IMP51.2-100R,Precio (USD),,,,,,,,,,,,,,
,,,Voltaje (V) / Amperaje (A),51.2V / 100Ah,,,,,,,,,,,,,,,
,,,Maxima corriente de  Descarga,100A,,,,,,,,,,,,,,,
,,,Garantía de fábrica,"
2 años
","$1,337.31",,,,,,,,,,,,,,
,,,Tipos de Bateria / Tipo de celdas,Batería LiFePO4/ Celdas Prismáticas,,,,,,,,,,,,,,,
,Link de instagram,,Ciclos de Vida útil,6.000 ciclos al 80% DoD (Profundidad de descarga) ,,,,,,,,,,,,,,,
,,Capacidad:   5.12 kWh,Dimenciones (cm) ,44.2 x 48.0 x 13.3,,,,,,,,,,,,,,,
,,, peso (Kg),41.5,,,,,,,,,,,,,,,
,,,,,,,,,,,,,,,,,,,
,,Marca:  BSLbatt,Modelo ,B-LFP48-100E,Precio (USD),,,,,,,,,,,,,,
,,,Voltaje (V) / Amperaje (A),51.2V / 100Ah,,,,,,,,,,,,,,,
,,,Maxima corriente de  Descarga,100A,,,,,,,,,,,,,,,
,,,Garantía de fábrica,"5 años
","$1,490.50",,,,,,,,,,,,,,
,,,Tipos de Bateria / Tipo de celdas,Batería LiFePO4/ Celdas Prismáticas,,,,,,,,,,,,,,,
,Link de instagram,,Ciclos de Vida útil,6.000 ciclos al 80% DoD (Profundidad de descarga) ,,,,,,,,,,,,,,,
,,Capacidad:   5.12 kWh,Dimenciones (cm) ,40.5 x 18.5 x 58,,,,,,,,,,,,,,,
,,, peso (Kg),43,,,,,,,,,,,,,,,
,,,,,,,,,,,,,,,,,,,
,SunC ESS catalog 2026.pdf,Marca:  SUNC SOLAR,Modelo ,SCAE-A-25.6-100,Precio (USD),,,,,,,,,,,,,,
,,,Voltaje (V) / Amperaje (A),25.6V  /  200Ah,,,,,,,,,,,,,,,
,,,Maxima corriente de  Descarga,100A,,,,,,,,,,,,,,,
,,,Garantía de fábrica,"5 años
",$526.00,,,,,,,,,,,,,,
,,,Tipos de Bateria / Tipo de celdas,Batería LiFePO4,,,,,,,,,,,,,,,
,Link de instagram,,Ciclos de Vida útil,6.000 ciclos al 80% DoD (Profundidad de descarga) ,,,,,,,,,,,,,,,
,,Capacidad:   5.12 kWh,Dimenciones (cm) ,$44.2 x 52.0 x 17.7,,,,,,,,,,,,,,,
,,, peso (Kg),No especificado,,,,,,,,,,,,,,,
,,,,,,,,,,,,,,,,,,,
,SunC ESS catalog 2026.pdf,Marca:  SUNC SOLAR,Modelo ,SCAE-A-51.2-100,Precio (USD),,,,,,,,,,,,,,
,,,Voltaje (V) / Amperaje (A),51.2V  /  100Ah,,,,,,,,,,,,,,,
,,,Maxima corriente de  Descarga,100A,,,,,,,,,,,,,,,
,,,Garantía de fábrica,"5 años
",$526.00,,,,,,,,,,,,,,
,,,Tipos de Bateria / Tipo de celdas,Batería LiFePO4,,,,,,,,,,,,,,,
,Link de instagram,,Ciclos de Vida útil,6.000 ciclos al 80% DoD (Profundidad de descarga) ,,,,,,,,,,,,,,,
,,Capacidad:  5.12 kWh,Dimenciones (cm) ,40.5 x 18.5 x 58,,,,,,,,,,,,,,,
,,, peso (Kg),No especificado,,,,,,,,,,,,,,,
,,,,,,,,,,,,,,,,,,,
,XINXIN ENERGY.pdf,Marca:  Rarlon,Modelo ,XX-C-BM-100HW 1P16S-A02,Precio (USD),,,,,,,,,,,,,,
,,,Voltaje (V) / Amperaje (A),51.2V  /  100Ah,,,,,,,,,,,,,,,
,,,Maxima corriente de  Descarga,100A,,,,,,,,,,,,,,,
,,,Garantía de fábrica,"5 años
",---,,,,,,,,,,,,,,
,,,Tipos de Bateria / Tipo de celdas,Batería LiFePO4,,,,,,,,,,,,,,,
,Link de instagram,,Ciclos de Vida útil,"6.000 ciclos al 80% DoD (Profundidad de descarga) a 25°C.
 ",,,,,,,,,,,,,,,
,,Capacidad:   5.12 kWh,Dimenciones (cm) ,76.5 x 15.0 x 43.0,,,,,,,,,,,,,,,
,,, peso (Kg),51,,,,,,,,,,,,,,,
,,,,,,,,,,,,,,,,,,,
,XINXIN ENERGY.pdf,Marca:  Rarlon,Modelo ,XX-A1-48100,Precio (USD),,,,,,,,,,,,,,
,,,Voltaje (V) / Amperaje (A),51.2V  /  100Ah,,,,,,,,,,,,,,,
,,,Maxima corriente de  Descarga,100A,,,,,,,,,,,,,,,
,,,Garantía de fábrica,"5 años
",---,,,,,,,,,,,,,,
,,,Tipos de Bateria / Tipo de celdas,Batería LiFePO4,,,,,,,,,,,,,,,
,Link de instagram,,Ciclos de Vida útil,"6.000 ciclos al 80% DoD (Profundidad de descarga) a 25°C.
 ",,,,,,,,,,,,,,,
,,Capacidad:   5.12 kWh,Dimenciones (cm) ,50.0 x 48.0 x 19.5 ,,,,,,,,,,,,,,,
,,, peso (Kg),44.8,,,,,,,,,,,,,,,
,,,,,,,,,,,,,,,,,,,
,,Marca:  TRIFUSION POWER,Modelo ,AL-WM512100,Precio (USD),,,,,,,,,,,,,,
,,,Voltaje (V) / Amperaje (A),51.2V  /  100Ah,,,,,,,,,,,,,,,
,,,Maxima corriente de  Descarga,"
100Ah",,,,,,,,,,,,,,,
,,,Garantía de fábrica,"5 años
",$610.00,,,,,,,,,,,,,,
,,,Tipos de Bateria / Tipo de celdas,Batería LiFePO4,,,,,,,,,,,,,,,
,Link de instagram,,Ciclos de Vida útil,60000,,,,,,,,,,,,,,,
,,Capacidad:   5.12 kWh,Dimenciones (cm) ,60.15 x 40.0 x 15.5 ,,,,,,,,,,,,,,,
,,, peso (Kg),49,,,,,,,,,,,,,,,
,,,,,,,,,,,,,,,,,,,
,,Marca: AMIBA,Modelo ,HES05WT,Precio (USD),,,,,,,,,,,,,,
,,,Voltaje (V) / Amperaje (A),51.2V  /  100Ah,,,,,,,,,,,,,,,
,,,Maxima corriente de  Descarga,100A,,,,,,,,,,,,,,,
,,,Garantía de fábrica,"
10 años
","$1,180.00",,,,,,,,,,,,,,
,,,Tipos de Bateria / Tipo de celdas,Batería LiFePO4,,,,,,,,,,,,,,,
,Link de instagram,,Ciclos de Vida útil,"> 5.000 ciclos al 95% DoD (Profundidad de descarga) a 25°C.
 ""
 ",,,,,,,,,,,,,,,
,,Capacidad:  5.12 kWh,Dimenciones (cm) ,42.0 x 59.0 x 18.0 ,,,,,,,,,,,,,,,
,,, peso (Kg),47.1,,,,,,,,,,,,,,,
,,,,,,,,,,,,,,,,,,,
Modelos de 7.5 KWh,,,,,,,,,,,,,,,,,,,
,XINXIN ENERGY.pdf,Marca: Rarlon,Modelo ,XX-W1-48100,Precio (USD),,,,,,,,,,,,,,
,,,Voltaje (V) / Amperaje (A),51.2V  /  150Ah,,,,,,,,,,,,,,,
,,,Maxima corriente de  Descarga,150A,,,,,,,,,,,,,,,
,,,Garantía de fábrica,"
5 años
",---,,,,,,,,,,,,,,
,,,Tipos de Bateria / Tipo de celdas,Batería LiFePO4,,,,,,,,,,,,,,,
,Link de instagram,,Ciclos de Vida útil,"6.000 ciclos a un 80% de DOD
 
 ",,,,,,,,,,,,,,,
,,Capacidad:   7.5 KWh,Dimenciones (cm) ,114.5 x 57.4 x 11.9,,,,,,,,,,,,,,,
,,, peso (Kg),75,,,,,,,,,,,,,,,
,,,,,,,,,,,,,,,,,,,
Modelos de 8 KWh,,,,,,,,,,,,,,,,,,,
,XINXIN ENERGY.pdf,Marca: Rarlon,Modelo ,XX-C-BM-280HW 1P8S-A01,Precio (USD),,,,,,,,,,,,,,
,,,Voltaje (V) / Amperaje (A),25.6V  / 314Ah,,,,,,,,,,,,,,,
,,,Maxima corriente de  Descarga,200A,,,,,,,,,,,,,,,
,,,Garantía de fábrica,"
5 años
",---,,,,,,,,,,,,,,
,,,Tipos de Bateria / Tipo de celdas,Batería LiFePO4,,,,,,,,,,,,,,,
,Link de instagram,,Ciclos de Vida útil,10.000 ciclos a un 80% de DOD,,,,,,,,,,,,,,,
,,Capacidad:   8 KWh,Dimenciones (cm) ,43.2 x 24.4 x 63.7,,,,,,,,,,,,,,,
,,, peso (Kg),76,,,,,,,,,,,,,,,
,,,,,,,,,,,,,,,,,,,
Modelos de 10 KWh,,,,,,,,,,,,,,,,,,,
,SunC ESS catalog 2026.pdf,Marca: SUNC SOLAR,Modelo ,SCAE-A-51.2-200 (BMS 100A),Precio (USD),,,,,,,,,,,,,,
,,,Voltaje (V) / Amperaje (A),51.2V  / 200Ah,,,,,,,,,,,,,,,
,,,Maxima corriente de  Descarga,100A,,,,,,,,,,,,,,,
,,,Garantía de fábrica,"
5 años
",$899.00,,,,,,,,,,,,,,
,,,Tipos de Bateria / Tipo de celdas,Batería LiFePO4,,,,,,,,,,,,,,,
,Link de instagram,,Ciclos de Vida útil,6.000 ciclos a un 80% de DOD,,,,,,,,,,,,,,,
,,Capacidad:   10 KWh,Dimenciones (cm) ,43.5 x 28 x63,,,,,,,,,,,,,,,
,,, peso (Kg),--,,,,,,,,,,,,,,,
,,,,,,,,,,,,,,,,,,,
,SunC ESS catalog 2026.pdf,Marca: SUNC SOLAR,Modelo ,SCAE-A-51.2-200 (BMS 200A),Precio (USD),,,,,,,,,,,,,,
,,,Voltaje (V) / Amperaje (A),51.2V  / 200Ah,,,,,,,,,,,,,,,
,,,Maxima corriente de  Descarga,200A,,,,,,,,,,,,,,,
,,,Garantía de fábrica,"
5 años
",$938.00,,,,,,,,,,,,,,
,,,Tipos de Bateria / Tipo de celdas,Batería LiFePO4,,,,,,,,,,,,,,,
,Link de instagram,,Ciclos de Vida útil,6.000 ciclos a un 80% de DOD,,,,,,,,,,,,,,,
,,Capacidad:   10 KWh,Dimenciones (cm) ,43.5 x 28 x63,,,,,,,,,,,,,,,
,,, peso (Kg),--,,,,,,,,,,,,,,,
,,,,,,,,,,,,,,,,,,,
,XINXIN ENERGY.pdf,Marca: Rarlon,Modelo ,XX-C-BM-200HW 1P16S-A01,Precio (USD),,,,,,,,,,,,,,
,,,Voltaje (V) / Amperaje (A),51.2V  / 200Ah,,,,,,,,,,,,,,,
,,,Maxima corriente de  Descarga,200A,,,,,,,,,,,,,,,
,,,Garantía de fábrica,"
5 años
",---,,,,,,,,,,,,,,
,,,Tipos de Bateria / Tipo de celdas,Batería LiFePO4,,,,,,,,,,,,,,,    
,Link de instagram,,Ciclos de Vida útil,8.000 ciclos a un 80% de DOD,,,,,,,,,,,,,,,
,,Capacidad:   10 KWh,Dimenciones (cm) ,50.0 x 25.0 x 91.5 ,,,,,,,,,,,,,,,
,,, peso (Kg),89,,,,,,,,,,,,,,,
,,,,,,,,,,,,,,,,,,,
,XINXIN ENERGY.pdf,Marca: Rarlon,Modelo ,XX-A3-48200,Precio (USD),,,,,,,,,,,,,,
,,,Voltaje (V) / Amperaje (A),51.2V  / 200Ah,,,,,,,,,,,,,,,
,,,Maxima corriente de  Descarga,200A,,,,,,,,,,,,,,,
,,,Garantía de fábrica,"
5 años
",----,,,,,,,,,,,,,,
,,,Tipos de Bateria / Tipo de celdas,Batería LiFePO4,,,,,,,,,,,,,,,
,Link de instagram,,Ciclos de Vida útil,8.000 ciclos a un 80% de DOD,,,,,,,,,,,,,,,
,,Capacidad:   10 KWh,Dimenciones (cm) ,50 x 25 x 91,,,,,,,,,,,,,,,
,,, peso (Kg),89,,,,,,,,,,,,,,,
,,,,,,,,,,,,,,,,,,,
,,Marca: TRIFUSION POWER,Modelo ,AL-WM512200,Precio (USD),,,,,,,,,,,,,,
,,,Voltaje (V) / Amperaje (A),51.2V  / 200Ah,,,,,,,,,,,,,,,
,,,Maxima corriente de  Descarga,200A,,,,,,,,,,,,,,,
,,,Garantía de fábrica,"
5 años
","$1,049.00",,,,,,,,,,,,,,
,,,Tipos de Bateria / Tipo de celdas,Batería LiFePO4,,,,,,,,,,,,,,,
,Link de instagram,,Ciclos de Vida útil,6000,,,,,,,,,,,,,,,
,,Capacidad:   10 KWh,Dimenciones (cm) ,65.15 x 44.5 x 23.5 ,,,,,,,,,,,,,,,
,,, peso (Kg),87,,,,,,,,,,,,,,,
,,,,,,,,,,,,,,,,,,,
,,Marca: AMIBA,Modelo ,HES10WT,Precio (USD),,,,,,,,,,,,,,
,,,Voltaje (V) / Amperaje (A),51.2V  / 200Ah,,,,,,,,,,,,,,,
,,,Maxima corriente de  Descarga,200A,,,,,,,,,,,,,,,
,,,Garantía de fábrica,"
10 años
","$1,080.00",,,,,,,,,,,,,,
,,,Tipos de Bateria / Tipo de celdas,Batería LiFePO4,,,,,,,,,,,,,,,
,Link de instagram,,Ciclos de Vida útil,"> 6.000 ciclos al 95% DoD (Profundidad de descarga) a 25°C.
",,,,,,,,,,,,,,,
,,Capacidad:   10 KWh,Dimenciones (cm) ,63.0 x 46.0 x 26.0,,,,,,,,,,,,,,,
,,, peso (Kg),86,,,,,,,,,,,,,,,
,,,,,,,,,,,,,,,,,,,
Modelos de 15 KWh,,,,,,,,,,,,,,,,,,,
,SunC ESS catalog 2026.pdf,Marca: SUNC SOLAR,Modelo ,SCAE-B-51.2-300,Precio (USD),,,,,,,,,,,,,,
,,,Voltaje (V) / Amperaje (A),51.2V  / 300Ah,,,,,,,,,,,,,,,
,,,Maxima corriente de  Descarga,200A,,,,,,,,,,,,,,,
,,,Garantía de fábrica,"
5 años
","$1,090.00",,,,,,,,,,,,,,
,,,Tipos de Bateria / Tipo de celdas,Batería LiFePO4,,,,,,,,,,,,,,,
,Link de instagram,,Ciclos de Vida útil,"8.000 ciclos a un 80% de DOD
",,,,,,,,,,,,,,,
,,Capacidad:   15 KWh,Dimenciones (cm) ,48.5 × 26 × 77,,,,,,,,,,,,,,,
,,, peso (Kg),111.65,,,,,,,,,,,,,,,
,,,,,,,,,,,,,,,,,,,
,XINXIN ENERGY.pdf,Marca: Rarlon,Modelo ,XX-A5-48300,Precio (USD),,,,,,,,,,,,,,
,,,Voltaje (V) / Amperaje (A),51.2V  / 300Ah,,,,,,,,,,,,,,,
,,,Maxima corriente de  Descarga,200A,,,,,,,,,,,,,,,
,,,Garantía de fábrica,"
5 años
",----,,,,,,,,,,,,,,
,,,Tipos de Bateria / Tipo de celdas,Batería LiFePO4,,,,,,,,,,,,,,,
,,,Ciclos de Vida útil,10.000 ciclos a un 80% de DOD,,,,,,,,,,,,,,,
,,Capacidad:   15 KWh,Dimenciones (cm) ,44 x 30 x 92.5,,,,,,,,,,,,,,,
,,, peso (Kg),124,,,,,,,,,,,,,,,
,,,,,,,,,,,,,,,,,,,
,Trifusion Power.pdf,Marca: TRIFUSION POWER,Modelo ,AL-WM512300,Precio (USD),,,,,,,,,,,,,,
,,,Voltaje (V) / Amperaje (A),51.2V  / 300Ah,,,,,,,,,,,,,,,
,,,Maxima corriente de  Descarga,200A,,,,,,,,,,,,,,,
,,,Garantía de fábrica,"
5 años
","$1,155.00",,,,,,,,,,,,,,
,,,Tipos de Bateria / Tipo de celdas,Batería LiFePO4,,,,,,,,,,,,,,,
,Link de instagram,,Ciclos de Vida útil,8.000 y 10.000 ciclos a un 75% de DOD,,,,,,,,,,,,,,,
,,Capacidad:   15 KWh,Dimenciones (cm) ,74.0 x 57.0 x 42.0 (Carton size),,,,,,,,,,,,,,,
,,, peso (Kg),129,,,,,,,,,,,,,,,
,,,,,,,,,,,,,,,,,,,
,Trifusion Power.pdf,Marca: AMIBA,Modelo ,HES15WT,Precio (USD),,,,,,,,,,,,,,
,,,Voltaje (V) / Amperaje (A),51.2V  / 280Ah,,,,,,,,,,,,,,,
,,,Maxima corriente de  Descarga,200A,,,,,,,,,,,,,,,
,,,Garantía de fábrica,"
10 años
","$1,180.00",,,,,,,,,,,,,,
,,,Tipos de Bateria / Tipo de celdas,Batería LiFePO4,,,,,,,,,,,,,,,
,Link de instagram,,Ciclos de Vida útil,"> 8.000 ciclos al 95% DoD (Profundidad de descarga) a 25°C.
",,,,,,,,,,,,,,,
,,Capacidad:   15 KWh,Dimenciones (cm) , 83.0 x46.0 x 29.0 ,,,,,,,,,,,,,,,
,,, peso (Kg),117,,,,,,,,,,,,,,,
,,,,,,,,,,,,,,,,,,,
Modelos de 16 KWh,,,,,,,,,,,,,,,,,,,
,XINXIN ENERGY.pdf,Marca: Rarlon,Modelo ,XX-A4-48314,Precio (USD),,,,,,,,,,,,,,
,,,Voltaje (V) / Amperaje (A),51.2V  / 314Ah,,,,,,,,,,,,,,,
,,,Maxima corriente de  Descarga,200A,,,,,,,,,,,,,,,
,,,Garantía de fábrica,"
5 años
",---,,,,,,,,,,,,,,
,,,Tipos de Bateria / Tipo de celdas,Batería LiFePO4,,,,,,,,,,,,,,,
,Link de instagram,,Ciclos de Vida útil,"10.000 ciclos a un 80% de DOD
",,,,,,,,,,,,,,,
,,Capacidad:   16 KWh,Dimenciones (cm) ,40 x 30 x 97,,,,,,,,,,,,,,,
,,, peso (Kg),123,,,,,,,,,,,,,,,
,,,,,,,,,,,,,,,,,,,
,16度电规格书（英文中性）.pdf,Marca: TRIFUSION POWER,Modelo ,AL-WM512314,Precio (USD),,,,,,,,,,,,,,
,,,Voltaje (V) / Amperaje (A),51.2V  /  330Ah,,,,,,,,,,,,,,,
,,,Maxima corriente de  Descarga,200A,,,,,,,,,,,,,,,
,,,Garantía de fábrica,"
5 años
","$1,277.00",,,,,,,,,,,,,,
,,,Tipos de Bateria / Tipo de celdas,Batería LiFePO4,,,,,,,,,,,,,,,
,Link de instagram,,Ciclos de Vida útil,"6.000 ciclos a un 90% de DOD
10.000 ciclos a un 80% de DOD
",,,,,,,,,,,,,,,
,,Capacidad:   16 KWh,Dimenciones (cm) ,88.87 x 50.0 x 42.0 ,,,,,,,,,,,,,,,
,,, peso (Kg),134,,,,,,,,,,,,,,,
,,,,,,,,,,,,,,,,,,,
,HES16WT.pdf,Marca: AMIBA,Modelo ,HES16WT,Precio (USD),,,,,,,,,,,,,,
,,,Voltaje (V) / Amperaje (A),51.2V  /  314Ah,,,,,,,,,,,,,,,
,,,Maxima corriente de  Descarga,200A,,,,,,,,,,,,,,,
,,,Garantía de fábrica,"
10 años
","$1,380.00",,,,,,,,,,,,,,
,,,Tipos de Bateria / Tipo de celdas,Batería LiFePO4,,,,,,,,,,,,,,,
,Link de instagram,,Ciclos de Vida útil,8.000 ciclos a un 95% de DOD,,,,,,,,,,,,,,,
,,Capacidad:   16 KWh,Dimenciones (cm) ,83 x 46 x 29,,,,,,,,,,,,,,,
,,, peso (Kg),128,,,,,,,,,,,,,,,
,,,,,,,,,,,,,,,,,,,
Modelos de 17 KWh,,,,,,,,,,,,,,,,,,,
,SunC ESS catalog 2026.pdf,Marca: SUNC SOLAR,Modelo ,SCAE-B-51.2-335,Precio (USD),,,,,,,,,,,,,,
,,,Voltaje (V) / Amperaje (A),51.2V  /  335Ah,,,,,,,,,,,,,,,
,,,Maxima corriente de  Descarga,200A,,,,,,,,,,,,,,,
,,,Garantía de fábrica,"
5 años
","$1,161.00",,,,,,,,,,,,,,
,,,Tipos de Bateria / Tipo de celdas,Batería LiFePO4,,,,,,,,,,,,,,,
,Link de instagram,,Ciclos de Vida útil,8.000 ciclos a un 80% de DOD,,,,,,,,,,,,,,,
,,Capacidad:   17 KWh,Dimenciones (cm) ,48.5 × 26 × 77,,,,,,,,,,,,,,,
,,, peso (Kg),---,,,,,,,,,,,,,,,
,,,,,,,,,,,,,,,,,,,
Modelos de 18 KWh,,,,,,,,,,,,,,,,,,,
,Trifusion Power.pdf,Marca: TRIFUSION POWER,Modelo ,AL-WM512346,Precio (USD),,,,,,,,,,,,,,
,,,Voltaje (V) / Amperaje (A),51.2V  /  346Ah,,,,,,,,,,,,,,,
,,,Maxima corriente de  Descarga,200A,,,,,,,,,,,,,,,
,,,Garantía de fábrica,"
5 años
","$1,279.00",,,,,,,,,,,,,,
,,,Tipos de Bateria / Tipo de celdas,Batería LiFePO4,,,,,,,,,,,,,,,
,Link de instagram,,Ciclos de Vida útil,8.000 y 10.000 ciclos a un 75% de DOD,,,,,,,,,,,,,,,
,,Capacidad:   18 KWh,Dimenciones (cm) ,74.0 x 57.0 x 42.0 (Carton size),,,,,,,,,,,,,,,
,,, peso (Kg),132.2,,,,,,,,,,,,,,,
,,,,,,,,,,,,,,,,,,,
Modelos de 20 KWh,,,,,,,,,,,,,,,,,,,
,XINXIN ENERGY.pdf,Marca: Rarlon,Modelo ,XX-CBM-400HW 1P16S A01,Precio (USD),,,,,,,,,,,,,,
,,,Voltaje (V) / Amperaje (A),51.2V  / 400Ah,,,,,,,,,,,,,,,
,,,Maxima corriente de  Descarga,200A,,,,,,,,,,,,,,,
,,,Garantía de fábrica,"
5 años
","$1,276.00",,,,,,,,,,,,,,
,,,Tipos de Bateria / Tipo de celdas,Batería LiFePO4,,,,,,,,,,,,,,,
,Link de instagram,,Ciclos de Vida útil,10.000 ciclos a un 80% de DOD,,,,,,,,,,,,,,,
,,Capacidad:   20 KWh,Dimenciones (cm) ,10.85 x 29.9 x 57.2,,,,,,,,,,,,,,,
,,, peso (Kg),175.6,,,,,,,,,,,,,,,
,,,,,,,,,,,,,,,,,,,
Modelos de 30 KWh,,,,,,,,,,,,,,,,,,,
,SunC ESS catalog 2026.pdf,Marca: SUNC SOLAR,Modelo ,SCAE-B-51.2-600 (BMS 200A),Precio (USD),,,,,,,,,,,,,,
,,,Voltaje (V) / Amperaje (A),51.2V  / 600Ah,,,,,,,,,,,,,,,
,,,Maxima corriente de  Descarga,200A,,,,,,,,,,,,,,,
,,,Garantía de fábrica,"
5 años
","$2,060.00",,,,,,,,,,,,,,
,,,Tipos de Bateria / Tipo de celdas,Batería LiFePO4,,,,,,,,,,,,,,,
,Link de instagram,,Ciclos de Vida útil,"8.000 ciclos a un 80% de DOD
",,,,,,,,,,,,,,,
,,Capacidad:   30 KWh,Dimenciones (cm) ,81 × 40 × 75.5,,,,,,,,,,,,,,,
,,, peso (Kg),---,,,,,,,,,,,,,,,
,,,,,,,,,,,,,,,,,,,
,SunC ESS catalog 2026.pdf,Marca: SUNC SOLAR,Modelo ,SCAE-B-51.2-600 (BMS 300A),Precio (USD),,,,,,,,,,,,,,
,,,Voltaje (V) / Amperaje (A),51.2V  / 600Ah,,,,,,,,,,,,,,,
,,,Maxima corriente de  Descarga,300A,,,,,,,,,,,,,,,
,,,Garantía de fábrica,"
5 años
","$2,122.00",,,,,,,,,,,,,,
,,,Tipos de Bateria / Tipo de celdas,Batería LiFePO4,,,,,,,,,,,,,,,
,Link de instagram,,Ciclos de Vida útil,"8.000 ciclos a un 80% de DOD
",,,,,,,,,,,,,,,
,,Capacidad:   30 KWh,Dimenciones (cm) ,81 × 40 × 75.5,,,,,,,,,,,,,,,
,,, peso (Kg),---,,,,,,,,,,,,,,,
,,,,,,,,,,,,,,,,,,,
Modelos de 32 KWh,,,,,,,,,,,,,,,,,,,
,XINXIN ENERGY.pdf,Marca: Rarlon,Modelo ,SCAE-B-51.2-600 (BMS 300A),Precio (USD),,,,,,,,,,,,,,
,,,Voltaje (V) / Amperaje (A),51.2V  / 628Ah,,,,,,,,,,,,,,,
,,,Maxima corriente de  Descarga,200A,,,,,,,,,,,,,,,
,,,Garantía de fábrica,"
5 años
",----,,,,,,,,,,,,,,
,,,Tipos de Bateria / Tipo de celdas,Batería LiFePO4,,,,,,,,,,,,,,,
,,,Ciclos de Vida útil,"10.000 ciclos a un 80% de DOD
",,,,,,,,,,,,,,,
,,Capacidad:   32 KWh,Dimenciones (cm) ,40 x 73.5 x 83.5 ,,,,,,,,,,,,,,,
,,, peso (Kg),238.2,,,,,,,,,,,,,,,
,,,,,,,,,,,,,,,,,,,
,Trifusion Power.pdf,Marca: TRIFUSION POWER,Modelo ,AL-WM512628,Precio (USD),,,,,,,,,,,,,,
,,,Voltaje (V) / Amperaje (A),51.2V  / 628Ah,,,,,,,,,,,,,,,
,,,Maxima corriente de  Descarga,200A,,,,,,,,,,,,,,,
,,,Garantía de fábrica,"
5 años
","$2,289.00",,,,,,,,,,,,,,
,,,Tipos de Bateria / Tipo de celdas,Batería LiFePO4,,,,,,,,,,,,,,,
,Link de instagram,,Ciclos de Vida útil,"6.000 ciclos a un 90% de DOD

10.000 ciclos a un 80% de DOD
",,,,,,,,,,,,,,,
,,Capacidad:   32 KWh,Dimenciones (cm) ,75.0 x 45.0 x 75.5 (Carton size),,,,,,,,,,,,,,,
,,, peso (Kg),210,,,,,,,,,,,,,,,
,,,,,,,,,,,,,,,,,,,
,HES-32FT.pdf,Marca: AMIBA,Modelo ,HES32FT,Precio (USD),,,,,,,,,,,,,,
,,,Voltaje (V) / Amperaje (A),51.2V  / 628Ah,,,,,,,,,,,,,,,
,,,Maxima corriente de  Descarga,200A,,,,,,,,,,,,,,,
,,,Garantía de fábrica,"
10 años
","$2,450.00",,,,,,,,,,,,,,
,,,Tipos de Bateria / Tipo de celdas,Batería LiFePO4,,,,,,,,,,,,,,,
,Link de instagram,,Ciclos de Vida útil,"8.000 ciclos a un 95% de DOD
",,,,,,,,,,,,,,,
,,Capacidad:   32 KWh,Dimenciones (cm) ,68 x 63 x 103,,,,,,,,,,,,,,,
,,, peso (Kg),245,,,,,,,,,,,,,,,
,,,,,,,,,,,,,,,,,,,
Modelos de 34 KWh,,,,,,,,,,,,,,,,,,,
,SunC ESS catalog 2026.pdf,"Marca: SUNC SOLAR
",Modelo ,"SCAE-B-51.2-670 (BMS 200A)
",Precio (USD),,,,,,,,,,,,,,
,,,Voltaje (V) / Amperaje (A),51.2V  / 670Ah,,,,,,,,,,,,,,,
,,,Maxima corriente de  Descarga,200A,,,,,,,,,,,,,,,
,,,Garantía de fábrica,"
5 años
","$2,229.00",,,,,,,,,,,,,,
,,,Tipos de Bateria / Tipo de celdas,Batería LiFePO4,,,,,,,,,,,,,,,
,Link de instagram,,Ciclos de Vida útil,"8.000 ciclos a un 80% de DOD
",,,,,,,,,,,,,,,
,,Capacidad:   34 KWh,Dimenciones (cm) ,81 × 40 × 75.5,,,,,,,,,,,,,,,
,,, peso (Kg),---,,,,,,,,,,,,,,,
,,,,,,,,,,,,,,,,,,,
,SunC ESS catalog 2026.pdf,"Marca: SUNC SOLAR
",Modelo ,"SCAE-B-51.2-670 (BMS 300A)
",Precio (USD),,,,,,,,,,,,,,
,,,Voltaje (V) / Amperaje (A),51.2V  / 670Ah,,,,,,,,,,,,,,,
,,,Maxima corriente de  Descarga,300A,,,,,,,,,,,,,,,
,,,Garantía de fábrica,"
5 años
","$2,291.00",,,,,,,,,,,,,,
,,,Tipos de Bateria / Tipo de celdas,Batería LiFePO4,,,,,,,,,,,,,,,
,Link de instagram,,Ciclos de Vida útil,"8.000 ciclos a un 80% de DOD

",,,,,,,,,,,,,,,
,,Capacidad:   34 KWh,Dimenciones (cm) ,81 × 40 × 75.5,,,,,,,,,,,,,,,
,,, peso (Kg),---,,,,,,,,,,,,,,,
,,,,,,,,,,,,,,,,,,,
Modelos de 45 KWh,,,,,,,,,,,,,,,,,,,
,XINXIN ENERGY.pdf,"Marca: Rarlon
",Modelo ,XX-C51.2V 880AH,Precio (USD),,,,,,,,,,,,,,
,,,Voltaje (V) / Amperaje (A),51.2V  / 880Ah,,,,,,,,,,,,,,,
,,,Maxima corriente de  Descarga,200A,,,,,,,,,,,,,,,
,,,Garantía de fábrica,"
5 años
",---,,,,,,,,,,,,,,
,,,Tipos de Bateria / Tipo de celdas,Batería LiFePO4,,,,,,,,,,,,,,,
,---,,Ciclos de Vida útil,"10.000 ciclos a un 80% de DOD

",,,,,,,,,,,,,,,
,,Capacidad:   45 KWh,Dimenciones (cm) ,10.85 x 30 x 8.85,,,,,,,,,,,,,,,
,,, peso (Kg),---,,,,,,,,,,,,,,,